<?xml version="1.0"?>
<!--<!DOCTYPE metadata SYSTEM "http://www.esri.com/metadata/esriprof80.dtd">-->
<metadata xml:lang="cs"><Esri><CreaDate>20090504</CreaDate><CreaTime>23294100</CreaTime><SyncOnce>TRUE</SyncOnce><MetaID>{9F8C2DDE-A12D-494C-ADC5-B1C5BC6B26F6}</MetaID><DataProperties><lineage><Process ToolSource="D:\ArcGIS\ArcToolbox\Toolboxes\Data Management Tools.tbx\RepairGeometry" Date="20090730" Time="163029">RepairGeometry latlong01 DELETE_NULL latlong01</Process></lineage></DataProperties></Esri><idinfo><citation><citeinfo><onlink Sync="TRUE">\\PANORAMIX\H\GIS_Database\SHP\latlong01</onlink></citeinfo></citation></idinfo><distInfo><distributor><distorTran><onLineSrc><linkage Sync="TRUE">file://\\PANORAMIX\H\GIS_Database\SHP\latlong01</linkage><protocol Sync="TRUE">Local Area Network</protocol></onLineSrc></distorTran></distributor></distInfo><dataqual><lineage><procstep><procdesc Sync="TRUE">Dataset copied.</procdesc><srcused Sync="TRUE">D:\GIS_Database\World_Hypso\latlong01</srcused><date Sync="TRUE">20040217</date><time Sync="TRUE">08063800</time></procstep><procstep><procdesc Sync="TRUE">Dataset copied.</procdesc><srcused Sync="TRUE">D:\GIS_data\Svet_040\SHP\latlong01</srcused><procdate Sync="TRUE">20090504</procdate><proctime Sync="TRUE">23114200</proctime></procstep><procstep><procdesc Sync="TRUE">Dataset copied.</procdesc><srcused Sync="TRUE">D:\GIS_data\GIS_Database\SHP\latlong01</srcused><procdate Sync="TRUE">20090504</procdate><proctime Sync="TRUE">23294100</proctime></procstep></lineage></dataqual></metadata>
